borrower_name,borrower_uid,borrower_age,borrower_income,borrower_profession,borrower_address,borrower_pan,borrower_pincode,business_name,business_address,business_uid,business_TAN,business_pan,business_annual_income,business_annual_revenue,business_annual_expense,business_age,business_sector,business_no_of_employees,business_revenue_1year,business_revenue_2year,business_revenue_3year,business_revenue_4year,business_credit_score,loan_amount_offered,business_default,business_previous_loan,business_previous_loan_paid,borrower_business_address_match,current_loan_request_amount,linkedin_profile,facebook_profile,business_reviews,business_review_count,business_social_media_mentions
Urmi Brar,2078e0e6-9392-400a-91c3-1d12912e634d,105,918729.14,Boutique Owner,"13/67, Balakrishnan Chowk
Jamalpur-417755",RTVMRKT8MG,674540,"Rai, Saha and Randhawa","06, Tailor Road, Alwar 425240",b177bb50-5ad1-4e3b-a1bf-99519866709e,B0VUE3Y3CY,9SR1HJH91E,29447894.32,19328735.13,42387113.51,10,Fashion Industry,52,71252313.03,95853954.19,46552220.35,92257643.49,895,2630643.48,False,True,False,False,9715439.81,http://www.kala.com/,https://sarma.com/,2,8233,432
Bishakha Jani,9a3f05f2-d1ff-40a6-ba2b-63d4866dd099,15,1520306.58,Massage_Therapists,"H.No. 73
Nayak Ganj
Sri Ganganagar-737647",SB1NHGWTZQ,288499,Muni PLC,"31/05
Virk Circle, Shahjahanpur-760129",e7589444-77e2-481c-ab2b-d82361ff5f43,8L21HY5GGZ,53J49OP0GO,37870319.52,80642180.01,17889055.22,4,Hospitality,80,28199365.47,19928525.91,12130587.05,9351741.14,848,3171677.31,False,True,False,True,7201102.35,,http://www.rajan.biz/,5,7287,174
Bhavika Sharma,0852dc19-b3c7-4a3a-bd45-26d536a37ab0,75,442413.48,Digital_Marketing,"57/55
Talwar Circle, Nashik 547265",2LE8KBZLHS,329328,Bora-Bhalla,"H.No. 50, Dugar
Thane-020342",fd4b433c-e500-4ead-8c94-e14bee7d8159,YGIP9TP2EA,B4DOME6P9P,15032793.46,74526460.25,23746687.57,4,Digital Marketing,35,45344206.55,62132851.71,6217242.22,24375289.41,869,691272.09,False,False,True,False,3000568.63,,http://www.pall-gera.com/,4,1371,218
Darika Muni,d3d8c857-893e-424a-96a9-575c0504a4cd,44,1854829.22,Massage_Therapists,"H.No. 59, Khatri Circle
Mehsana-777154",IH19NKPP27,808277,"Vyas, Dubey and Saha","12/17, Chadha, Dharmavaram 988202",d5dc47d1-2a39-48ce-a3fe-5a62a3d0dbfd,Q9GU9RKBKE,2GYSY8G77X,10720461.02,23893520.96,49571188.79,8,Hospitality,39,94605815.38,13413373.73,24546407.38,27526989.38,490,1283099.17,True,True,False,True,3598968.09,http://bhatt-guha.com/,,5,1654,487
Ishaan Nadig,b8011e39-7c34-4ece-9f81-d3062dec7b6b,24,350540.21,Electricians,"H.No. 202, Kalita Zila
Bally-337791",WPQV8PWU0E,958201,"Shroff, Chandran and Lad","804
Manda Nagar
Singrauli 657425",8d26f4dc-f8e4-4d73-98b8-c92f382a39ee,X9BKZ6OP1Q,J0002JPIFQ,18058481.05,12487712.78,3726934.92,2,Construction,42,64919715.21,63396889.95,,,473,8538453.93,True,True,True,False,5910304.24,,https://mann.com/,5,5821,332
Devika Palla,594bd494-4dfb-4159-9699-5e4442ba5ae9,24,703123.03,Accountant,"H.No. 78, Acharya Circle, Silchar-006958",T4P5GLINRY,587613,Ghose Ltd,"50/08, Golla Circle, Aizawl-643389",14acac56-50e8-4f1e-b9ab-17a77ef0e61a,8SB36NCMU2,H4ZB70Y7S4,15094090.64,73810001.24,45598017.25,3,Finance,91,77736815.26,3106561.49,17591131.92,,567,3118086.77,False,True,False,False,8026858.0,http://www.lala.com/,http://www.mitra.com/,4,9020,240
Ikbal Palla,d824795a-5d84-4ca4-9dd1-6fd14b5b2562,18,1335034.27,Boutique Owner,"H.No. 371, Chowdhury, Haridwar-977798",DL6VPKZN4P,966832,Shankar-Behl,"99, Sawhney Path
Parbhani-847256",6e49e3e3-91bc-490b-a55b-d1bff7d0b236,3OF7JC94C5,P7D38GC3SP,36645213.14,92152712.53,34092519.28,5,Fashion Industry,68,25013044.95,53118987.75,43910560.77,33837082.05,541,8309364.45,False,True,True,True,1377139.78,,http://www.sahni-parsa.org/,2,9739,111
Zashil Borah,e462c6fb-b06c-48e9-9454-2dfc9ffdae08,54,765175.8,Digital_Marketer,"H.No. 656, Rama Path
Bhilai 980256",VY81GLRWNC,662119,Dhar Inc,"58/13, Prabhu Road, Kurnool-149649",c12c0499-60cf-4b28-9c82-09483351a102,JA8H3UB7NT,1FHWM74VJA,35046775.46,31720904.05,5393870.45,8,Digital Market,85,57110437.45,23936995.01,14616036.3,42521770.95,699,5351408.25,False,True,True,True,4439274.3,http://www.kapur.org/,https://mukherjee.info/,4,4877,284
Ucchal Sandal,9f3653cd-e40f-479a-be14-200ecb94cfe5,35,1451724.07,Electricians,"14, Nair Path
Khora -451610",RD5DCMQ2YY,354022,Karan PLC,"H.No. 23
Pandit Marg, Bokaro 687671",adab15ee-bb5e-4379-afff-1d5a6d5129da,BPB9SUR73Y,FYZ6UIRCFP,40566241.52,88129409.55,13791266.84,4,Construction,63,60596476.15,99325554.48,76403184.98,44096657.79,724,109737.2,False,True,True,False,8386183.07,https://acharya.com/,https://pradhan.com/,2,9977,427
Laban Wali,f2717e4b-4fbc-4a21-a0b9-9cabab40f312,33,1767218.2,Digital_Marketing,"H.No. 736, Golla Street
Jodhpur-893725",DJCMR1JMMG,201333,Gole Ltd,"H.No. 75
Baria Chowk, Srikakulam-665489",00b31bce-64f0-4f14-8d58-39c83ef612b3,HFZ2KSQONP,SYHI5BO8GQ,40905501.68,38742721.95,31360291.2,7,Digital Marketing,56,8155464.1,24135669.48,40513511.32,57589131.85,743,4370684.32,False,True,False,False,4632793.63,,,1,9631,313
Quincy Walia,67588af4-9705-4bc2-b056-e408dd8d7566,51,872784.9,Electricians,"45/444, Master Street, Sikar-327331",6P9R0Z88VZ,577416,"Bassi, Bhatnagar and Verma","927
Rajagopal Path, Meerut-697708",b17d46d1-69e5-4919-95bf-b91588a4ae10,PCL6DUOKK2,OCLW11BPSC,43137693.21,17866199.8,22829251.32,6,Construction,27,31520267.99,58318724.28,95203588.58,79320623.12,553,7100063.59,True,True,False,True,4518853.76,,https://www.balakrishnan.com/,3,6480,112
Wishi Sekhon,217ffc20-7f2a-49d4-80ff-73dd83cfd1a5,99,1621595.88,Massage_Therapists,"47
Kothari Chowk, Vijayanagaram 119665",XBC30LEGCV,787209,Dhingra PLC,"99, Vyas Path
Sonipat 023162",701bc9cb-d3e2-41b9-a607-43b48a271800,LLZ1EOBHF0,6E47GYZC6P,44770741.74,30995734.46,21854096.57,7,Hospitality,52,66012153.64,12827225.39,44091758.36,67042275.51,844,7295896.29,True,False,True,True,6010777.05,http://www.choudhary.biz/,,3,1573,418
Madhavi Master,3af664ac-d283-400d-8fe7-5b94e6307825,35,717020.21,Massage_Therapists,"27/481
Gopal
Allahabad-960666",G3J9D92VJA,845394,Jani-Patla,"H.No. 039, Kala Nagar, Farrukhabad-105921",e45f4a08-5db1-4889-bbdd-05e2ea858c9b,NDMAX29W2Q,TAG2FN6GYJ,15297230.28,77974889.08,16638518.64,2,Hospitality,42,96992764.53,90677735.93,,,452,5625965.4,False,False,False,True,5292162.67,http://www.lal.net/,https://www.sampath.org/,1,9454,272
Chakradev Arora,bc203852-cfcd-466b-b82f-ae9cef363934,16,789126.66,Accountant,"715, Kashyap Zila
Varanasi-385245",V9TW054GE3,610149,"Bhalla, Dara and Walla","H.No. 787
Sood Ganj, Jamnagar-081638",55e53f7a-dfdb-4d43-8e39-9326d7f201d0,WBOWQBRQ1R,COXUC8GV38,33634837.08,63370286.49,1787684.71,9,Finance,100,84490843.46,19488968.56,23850651.64,52883166.25,683,8325912.16,True,False,False,False,6481051.61,,http://www.sabharwal.com/,5,6643,262
Krisha Sahni,c3a05eb5-d2b0-41c0-ac6b-abf8ebc5444f,87,1102159.34,Content_Creator,"44
Kulkarni Chowk, Begusarai 663388",UI7EA2FAKZ,458885,"Saha, Sawhney and Gera","94/51
Kari Marg, Ballia 951667",32e6a81e-c552-46ce-94ff-42c06dfd9b0f,FPURKIFZQF,8SVMN91BNL,7758609.16,56140101.85,6285416.46,5,Media & Entertainment,97,53440474.07,41865838.64,84631431.91,87494204.06,726,7583185.65,True,False,True,False,7017178.31,http://kaul-date.com/,,3,8004,351
Vedhika Bandi,060c8251-bb81-409a-aec9-751be2787d0f,61,1671301.18,Digital_Marketer,"84, Pant Ganj, Katihar-382654",9QDOLG25A3,857198,"Nayar, Kara and Gandhi","65/124, Varty Zila
Tirunelveli-293599",902d2659-7b7f-45fc-9d2b-7f5610170744,WZYA7NQKA8,MTJU93MQSE,5270104.97,30065784.47,45876896.13,3,Digital Market,52,96133631.45,7424084.61,79510389.44,,473,9362184.1,True,False,True,False,2180815.32,http://www.narasimhan.com/,http://www.wadhwa.com/,3,5314,36
Praneel Suresh,16984c9e-339f-427f-a8b4-c3f9165bd14a,79,1033387.23,Digital_Marketing,"106, Atwal Chowk
Siwan 049227",FNWYC81HDF,194208,"Krishna, Koshy and Loyal","38/788
Sethi Path, Purnia-408074",ee2f6fcd-d257-48ac-b7a6-231ced5ebe8c,QQIZY1631Q,AK44B1F3PA,17972580.78,6794880.36,20235567.92,2,Digital Marketing,37,20838768.75,66007366.45,,,741,4257906.73,False,True,False,True,7110800.32,https://manda-sankaran.com/,https://www.kala.com/,3,1362,84
Warhi Shetty,a4249676-fecf-4548-994c-8fd3cde7cead,65,1358126.82,Food_Chain_Owner,"57/96, Deol Circle
Khammam 607472",QEE4SFF2I7,950041,Radhakrishnan-Karpe,"32/81, Pai Path
Burhanpur-679469",542b7d3d-ab5e-466d-a7a7-a5d448137d78,J0ZTJF227Y,N8QHKLR4I1,21850958.11,82112776.18,11787180.21,5,Hospitality,41,33213010.45,5445325.93,19130167.75,84702109.88,572,3391190.57,False,True,True,True,1828473.96,,https://salvi.com/,5,5337,272
Imaran Toor,47c9faeb-a4af-40b1-af7e-f91dd6f508fa,9,901988.46,Content_Creator,"H.No. 13, Sampath Road
Bulandshahr-530142",HV2PURFO2D,701450,Rastogi LLC,"73/06
Ben Marg
Ambarnath-399717",6ac68f49-f7ff-4ee3-9750-73e08a315735,ZBNH9P7HGE,9L41Q1DZKQ,21297798.48,57450185.05,1229983.13,9,Media & Entertainment,64,6624381.47,27707995.9,50232712.53,35819464.85,428,5096696.54,True,True,True,True,2889331.05,https://www.deol-saha.org/,https://tella-venkataraman.net/,4,7096,139
Logan Saha,f36ef57d-c752-4e68-9ea3-6ceef401a874,55,817020.56,Massage_Therapists,"04/15
Shankar Zila, Durg-678402",6PQ6YTZ25H,444051,Vyas-Lad,"08/627, Uppal Road, Bidar-903979",f1958252-e6f3-4404-9643-4301488ed184,Z0DW9912RE,YGADMX4VSJ,17642966.55,86182958.47,15192553.18,4,Hospitality,75,50785682.27,50711468.07,46057478.87,40256817.84,652,9546503.39,True,False,False,True,9575430.16,,http://chaudhary-sarna.info/,2,9224,169
Adya Krish,d89b4302-b4b3-4fa5-a970-cabb790facb8,60,220720.14,Content_Creator,"H.No. 64, Srinivas Street
Ahmednagar-413614",AYAKOFDJLI,160882,Ghosh PLC,"87
Andra Street
Jamalpur 455286",8eac1cde-417b-44f5-a669-fda9a94246db,G3U6NG771Q,88YORTUIDG,39952471.1,9024614.14,42513022.77,2,Media & Entertainment,12,89931905.32,75825541.84,,,650,1347741.31,False,True,False,True,5580532.28,,http://mall.com/,3,5603,9
Yatan Bobal,94777593-4abd-487b-b5de-5062fddf4809,84,904534.02,Electricians,"71/830
Vohra Road, Dewas-937576",P0JELMB8JW,931625,"Sankar, Patla and Rege","68/24, Wable Chowk, Serampore 808018",d7f16966-c68d-4ab8-98f9-dd884163ffbe,7YX0R7PP2S,0S346P89AJ,16574697.95,1637220.35,28009118.43,1,Construction,95,61689290.76,,,,307,7179133.08,False,False,True,True,6603960.23,http://goswami.info/,,1,9533,10
Nandini Narasimhan,6de3e08f-f82e-4930-b2dd-cb3d42ca75bc,90,1216374.88,Electricians,"64/28
Deo Circle, Dehri 180645",KVO8DG1KG9,651994,Mahajan LLC,"56/698
Vyas Circle, Gudivada-366611",a4317e87-15b2-4204-865b-04fd2708872e,IAPP8S3Z9I,ZLR19H51SZ,14223226.09,83583683.15,41152076.67,1,Construction,30,44809999.06,,,,534,2189396.96,False,False,False,True,6920272.47,http://tank.com/,,4,4205,26
Garima Bhasin,2a649f84-7f2a-4d22-b29f-a6f34d253c04,25,992602.82,Boutique Owner,"H.No. 660, Gulati Chowk, Nellore 415567",VJE5LQMKAJ,160705,Sani Group,"782, Mangal Nagar
Morbi-406007",6080b9d7-b2a2-429f-9b0b-12700d48f22e,85CWCPMRVU,ZDEVKGEL1A,14857690.83,78150515.31,47180431.27,5,Fashion Industry,17,40057240.35,23590090.57,98501706.95,37627764.32,713,5992691.27,False,True,True,False,9207132.03,,https://www.walia.com/,2,3828,437
Kamala Pandit,04ade6fe-e544-4059-a874-2e8b71ac8e1c,95,995606.11,Accountant,"26, Kala Ganj
Tinsukia 087425",G8WDPICLLP,177577,Bajwa PLC,"188, Brar Chowk, Bhopal-541753",fce38395-9265-4964-b119-4b29c928d24e,G7DVOPLRKR,8KERLTLL3Y,38128285.95,89181946.99,12828127.52,7,Finance,74,90716756.19,59815405.02,28060204.05,67660878.03,654,2401072.85,True,False,False,False,7834148.54,https://rama.org/,https://www.pai-kale.net/,4,2929,407
Upasna Dewan,364a7e57-d321-4ae8-8421-b2604311281e,67,1055706.59,Boutique Owner,"H.No. 68, Dass Circle
Firozabad-425445",HRJ0BBN3HL,515280,"Khurana, Rao and Grewal","H.No. 29, Dayal Path
Gurgaon 376468",8bd442b7-ad4d-450e-88c1-0dd8dbaa73f4,34YTXGGXQY,9VKNIM8FLB,20722963.35,31262952.15,29296903.12,6,Fashion Industry,39,58528464.12,60921880.6,69563222.07,73926170.54,600,4378981.53,False,False,True,True,3239583.09,http://www.trivedi.biz/,http://www.chatterjee.com/,1,9915,73
Shravya Sampath,84c13c4c-6b78-4d55-986e-53847e31f3ab,10,1232346.95,Food_Chain_Owner,"43/253
Chokshi Street, Jehanabad-432010",VIBR90K91O,560594,Sengupta-Trivedi,"11/96, Ramakrishnan Road
Alappuzha 947867",c2957ec9-3bc1-4f06-9f4f-8adb3bc74c75,NS7ORZKS8V,NVIRQIK0Y7,21356424.99,95101728.69,47545173.37,5,Hospitality,92,66007528.46,56395059.47,49833650.42,27787482.46,681,7964019.71,True,False,False,True,6727380.44,https://www.rajan.com/,https://nagi-chaudhari.com/,2,3428,74
Fiyaz Peri,f195f2ae-6c31-43f0-88a7-24337bf38f0a,19,1253963.98,Food_Chain_Owner,"50/096, Mane Path, Satna 607561",WG1L0KHKXU,205879,Modi-Kunda,"65/24, Bhalla Chowk, Mira-Bhayandar-272216",3dc60d12-34fa-4b9f-8a2c-0d3739863cd9,0EYJTKC4KU,5S3S8HVP53,32264021.14,30151199.52,18912692.13,3,Hospitality,76,48080373.22,99876673.9,81296798.54,,663,9969319.37,True,True,True,True,2279693.32,http://chawla.com/,https://bhattacharyya-koshy.com/,3,6615,215
Kritika Garde,995781bc-7caa-4aa8-81ad-efaabfab699c,26,743110.6,Accountant,"56
Hora Zila
Nagercoil 329463",B51699TETB,679300,Pillai PLC,"H.No. 71, Goyal Road
Secunderabad 815386",8db0b8db-a22e-47fe-ac38-6ec9d28cf39e,KCNBZN1HJ0,T0G9NOXNMN,27582442.05,29772138.93,30720104.19,2,Finance,27,24968625.61,36634509.47,,,709,4304986.93,False,True,True,False,7574941.42,http://www.das-bhatnagar.com/,http://www.sastry-khare.com/,2,1898,102
Vivaan Char,00c3a726-2882-4a2b-8370-c2527504b17a,63,1092313.31,Boutique Owner,"H.No. 25, Lanka Street
Bhatpara-267060",M28HUPZE3O,014201,Memon Group,"53
Maharaj Chowk
Raiganj-062081",fb8a13a5-c351-4c32-9cc4-57ac17338777,L96EVLUQOY,SXUB4SB4D9,27383969.02,28979706.6,32128794.22,6,Fashion Industry,97,79358124.08,88038741.27,40305038.25,85128203.49,878,5616819.81,False,True,True,False,5625086.17,https://www.narasimhan.info/,,4,4570,328
Isaac Dugar,13eee424-8f92-4f5a-986d-1fb14a3a795b,51,1870785.75,Digital_Marketer,"54/97
Mitter Road, Secunderabad-004462",OM841UUSHA,493007,Nagar-Sangha,"H.No. 86
Jha Ganj
Serampore-455330",ce8cbdd1-1e50-4dca-b4de-dcb6c2d8ea27,KLERC14YEL,OE58K96PCW,853065.21,32040251.92,13317413.65,1,Digital Market,9,7617396.97,,,,746,597525.08,False,True,False,False,5376887.25,,,5,9800,347
Finn Badal,a2957b09-5551-48ec-b94b-c963480ef8ed,79,1288299.02,Content_Creator,"360, Sheth Zila
Nandyal 169879",QJDASRIWRJ,870150,Prabhu Group,"35/16
Sodhi Ganj
Kozhikode-273236",0f026148-3579-4b72-853f-cd5cb0723ad3,N6KSA09X56,9Y54QZE3CE,10346034.55,78456876.72,4188522.74,2,Media & Entertainment,1,88589233.55,41169550.08,,,504,181397.27,False,True,True,False,2525713.43,https://www.sur.com/,http://www.batra.biz/,1,9958,221
Urishilla Varma,4942a6e5-5f36-42a8-a5c4-7d4aa229e1ec,8,193654.78,Digital_Marketer,"85/893, Modi
Bidhannagar 380362",W36S3LQM0P,951923,Misra-Mangat,"H.No. 28
Chauhan
Kamarhati 293579",cd1c68cc-5468-41fd-8063-1f61874b31be,94KCQ3UCQZ,DWYK9JQP5O,7235580.35,35962461.59,187355.26,9,Digital Market,8,36910555.9,10565958.93,58861464.74,67092782.88,859,8045945.37,True,False,True,False,7512167.09,http://kibe-brar.com/,http://narula-mandal.com/,2,1013,484
Samarth Bhatnagar,2ce0d60e-b225-4274-94a2-c881acaed824,113,883543.22,Boutique Owner,"47/346, Mane
Siliguri-594039",90UT7SNYT2,773822,Ratti-Venkataraman,"H.No. 118, Edwin Street
Saharanpur-677392",37fcd9d2-e55b-4ee9-bf11-818611affb55,K8TDYWYSYY,DTYF331T39,26956536.4,9655349.41,5077557.55,6,Fashion Industry,14,72617565.15,85331731.54,27966302.6,54834493.06,769,4575451.17,True,False,True,True,7268415.06,https://sur.com/,https://www.krishnan-radhakrishnan.info/,5,450,73
Varsha Chad,fe2c2d17-5fa5-4998-a50a-3401cda14e8a,85,497152.49,Accountant,"98/66, Bhat Road, Panihati 709387",VOPIS6HDNJ,428843,Balay-Devi,"60/876, Sahni Path, Mirzapur-055559",e1e33632-d73c-42bc-b6a4-693b6f16d83a,I61FTNCY2B,T9VRE01UNG,13893364.58,75751010.28,14088847.28,8,Finance,10,86149142.99,87903572.56,11040071.16,16289199.01,467,4071801.04,True,False,False,False,1178443.24,https://divan-om.info/,https://malhotra.com/,4,3344,239
Chandran Shenoy,e6df01cc-9954-438d-864f-1962c42909a7,101,882435.42,Boutique Owner,"H.No. 43, Bawa Ganj, Vadodara-733311",C1SQ3RTX4C,481502,Gulati-De,"131, Srivastava Street, Amaravati 963809",88bab02c-277d-4deb-85fd-c20bb506843d,PQNX2C13WF,519BL3N18B,39047325.94,95730717.73,44480180.89,2,Fashion Industry,3,2409796.44,92431687.36,,,563,5962872.97,True,False,True,False,8256524.46,https://ramanathan-vig.com/,,1,4398,475
Urishilla Mishra,1052d506-ce83-4446-b5a2-eb2697ec52a1,45,480550.65,Boutique Owner,"H.No. 10, Anand, Junagadh 190197",C49IY7UTUR,111746,Pillay-Dugal,"83/932, Sarna Circle, Mumbai-964401",d41b8677-f88d-4b3b-a0ec-b65dd8031bb6,0NO5PW6V8V,KIBCHFQU8N,36683394.7,50800738.11,49986207.45,2,Fashion Industry,54,37230809.41,53394204.51,,,348,5672905.92,True,False,True,True,1533901.12,,https://www.narang-sem.com/,4,2642,330
Mason Gola,add651b7-299b-4435-82fa-198072428a45,61,1771406.12,Digital_Marketer,"45/81, Sundaram Marg, Tumkur-071422",X4HGUCO7JQ,420957,Gole LLC,"43, Gaba, Mangalore 779857",4bf7fd8a-4244-4ed3-bdad-fc73fce9ac3a,Q9X7N830J1,M8AN2EB07O,9908111.8,42830593.53,20863156.82,8,Digital Market,42,97679812.49,12600388.52,81689961.82,84285951.92,792,5378250.13,True,False,False,False,5111693.17,http://khalsa.info/,http://sidhu.com/,4,5240,450
Zansi Brahmbhatt,8c49b586-63de-4799-885a-8d389b6ff697,85,1916785.45,Accountant,"552, Garde
Alappuzha 266682",5N4ITFDJ0L,948621,"Parmer, Biswas and Apte","28/31, Bhagat Marg, Bhopal 871561",3640fcef-9563-45cc-ba1d-3d56ee6b542c,H7SV9REDA3,BKNI14AUAN,6862446.53,54119375.46,30318111.89,1,Finance,59,44508958.71,,,,594,520423.1,True,True,True,True,7084922.93,https://www.mittal.net/,http://www.din.com/,2,3303,345
Yashasvi Bhat,53aaa5ab-97fc-421e-8587-7c0ca1f25508,64,520401.53,Digital_Marketing,"57
Gara, Madhyamgram-969688",IJBEQNR0VI,008658,"Patla, Hari and Bhavsar","49/573, Sachar Zila, Malda-619896",969ed61f-ea4a-4d2b-ac2c-460dbbadd1a4,MVCRUAAAX7,FBMBRM4KDH,26459879.75,34507927.0,43254982.17,1,Digital Marketing,94,23698330.42,,,,389,4211720.02,True,False,False,False,4427468.74,,,5,221,10
Kamala Joshi,1fbdfcab-9061-4356-bdae-e535079f5016,86,1125602.61,Food_Chain_Owner,"34/88
Brahmbhatt Path, Motihari-244091",H41DQW2WO0,524080,Sankar and Sons,"H.No. 166
Sastry Road
Ghaziabad-192672",cbb66579-1be7-4676-b2c4-2b6c17f8b343,O76R2SU0YJ,8LFQ2PJ8NI,25657733.94,72318885.99,656910.69,6,Hospitality,31,48960968.78,62590302.78,69789203.87,22380935.85,572,6605160.25,True,True,True,False,122859.42,,https://www.krishnamurthy-dave.biz/,2,2490,479
Urvashi Gade,474ff134-6484-4579-8e8b-f9d1e391dd8e,33,1518246.32,Digital_Marketing,"45
Menon, Ichalkaranji 714093",ILXQQK7HP1,835784,"Boase, Virk and Palla","H.No. 82, Sen Marg, Narasaraopet 840044",0b496faf-aea7-44ef-8d2a-a167b338f89d,2KM3FCK77R,X28HLR14N6,44036077.15,77060693.67,37401896.86,9,Digital Marketing,60,59034779.26,53877238.25,60925609.62,60217871.06,631,8740413.57,True,True,True,False,5572171.67,,,2,858,383
Eshana Dube,94123f4c-5688-43ad-a51b-902cb4bc718f,117,1717008.28,Food_Chain_Owner,"54
Salvi Path, Navi Mumbai-046841",H0XPOUVU0X,437493,"Pathak, Mand and Ratti","H.No. 385, Deep Ganj, Muzaffarpur 739264",c01724a0-538f-43be-9cf8-6c34961b3c7f,NWAW2SRCQ3,W2428L30IB,31680901.34,47050865.51,1943624.23,7,Hospitality,25,70036948.03,23354344.0,57244436.03,26399600.1,320,928110.17,False,False,False,False,9006209.54,https://www.murthy.com/,,4,4666,424
Chakrika Kamdar,58e30825-12fb-4244-a1c9-56a795a039c0,41,921698.61,Digital_Marketing,"66/71, Ganesh Nagar, Muzaffarpur 691086",QBEQG33AOV,215811,Doctor PLC,"H.No. 838, Mukhopadhyay Circle
Anantapuram-538945",a2d06538-cd2f-41f8-a201-58c0d6185cc5,PWUHMS2H84,VRG8I983A2,6258390.63,62897582.94,32912523.25,10,Digital Marketing,62,17749605.06,94461152.83,61478236.95,61832368.69,507,2371597.81,True,False,False,True,2882869.03,https://www.chaudhry-patil.net/,,1,3414,137
Ekta Kannan,85237565-ce3d-4ad1-8279-f77be8962a45,18,1851336.66,Digital_Marketing,"39/130, Panchal
Tiruppur-927544",UCBEUKCPH0,015353,"Ben, Natt and Kurian","354
Date Circle, Gopalpur-927061",aed4c3e9-c017-4456-8d12-eeb8aa7ec701,4GEEJW24TN,I6WTI2X79S,23499906.01,7963195.85,21015689.9,6,Digital Marketing,17,1474760.14,86930037.29,25713785.56,15164403.52,506,3491434.33,False,True,True,True,5906266.31,https://kaur-kapadia.info/,http://www.guha.com/,2,740,313
Upkaar Johal,00bbde0e-3d85-4a04-bdf7-4c9c252ca8bb,73,762562.29,Carpenter,"H.No. 55
Vora Street
Hindupur 343197",EDY92UCEB0,440312,"Narain, Mani and Sachdev","12, Kalla Path, Jhansi 316731",5b7384b7-71d6-4ad8-ab68-49a7109e7caf,N91OQW8OH4,9D41YXQBSJ,29004496.45,67995818.61,41969076.68,8,Construction,18,74408175.1,49425531.86,28831388.31,23827006.71,565,710801.99,False,False,True,True,4789598.85,,http://dutt.com/,1,7160,485
Rishi Prasad,33e2d304-eaaa-49c5-953c-44d0aeaaca29,37,750310.56,Content_Creator,"356, Sem Path
Delhi-919553",EHG65VB327,699355,"Vig, Mann and Prabhakar","07/289, Garg Street, Chennai-148342",a6564119-a380-446b-b9eb-6075e8e81270,DY8VX6QRWH,AR35QUWY5D,47768091.33,13014803.59,46802831.06,5,Media & Entertainment,78,96431535.72,74729263.53,92404710.08,36075945.53,535,8180337.06,True,True,False,False,7748267.74,http://goda.net/,https://saini.com/,5,7507,326
Chavvi Batra,0cf653a4-2235-4637-8892-b8ac03c87be7,39,1702556.2,Digital_Marketer,"H.No. 622, Gola Ganj, Sonipat 933163",IEX9BLW8EM,219933,"Chandran, Deo and Talwar","62
Hegde Circle, Thoothukudi 123889",480cae7a-15f4-4b3f-924f-bde351f3dad0,17YWBWM5HH,V3FJ2ZNJPY,31471071.92,26580445.25,20247441.42,9,Digital Market,33,33036081.12,76579959.85,74719115.47,98846970.04,426,3520241.16,True,False,True,True,5138959.48,,https://www.kata-sundaram.com/,3,6042,185
Chandran Dixit,7c7681d3-1440-4e08-b177-7af26404a5d1,108,1962550.63,Electricians,"95, Solanki Zila
Jamalpur-855402",QDC1C5HQME,301377,Andra PLC,"00, Kala Chowk
Bhilwara-692889",54990104-47a2-424b-a479-642685da7f0d,IOEKVGQTOS,CJXX1R3YNT,12982639.42,87082769.04,5330378.47,3,Construction,40,47290259.95,31258305.06,2310406.54,,761,7991213.16,False,True,True,False,9542126.03,http://www.rai.com/,https://gala.com/,3,1602,378
Ekani Krishnamurthy,3d62f587-0943-4297-8cd9-7d7488aeb130,13,288914.9,Food_Chain_Owner,"23/24
Dani Circle, Secunderabad 868041",MLPA5IFDV3,980340,Iyengar Inc,"65/89, Chand Ganj, Ahmednagar 498929",67fd14a7-7dbb-432e-9abf-4ceec9640e21,W7YSBGI4ZW,ZHMC7G0F7A,9984353.54,29910438.9,22820280.3,3,Hospitality,5,33040983.74,4947504.15,25504499.56,,705,8083248.55,True,False,True,True,934318.6,http://kurian.com/,,1,2067,197
Jason Ganesh,8a4ab2aa-c345-4467-80df-3fa69e4165d7,55,386334.51,Electricians,"H.No. 97, Nagy Marg
Serampore 181369",WUPMFA8YLK,452435,Madan Ltd,"H.No. 73, Lad
Amaravati-230028",b54bb46f-5a5d-4854-b215-8758d352f769,8FZBGXVG48,40VNFOFH7R,49704883.83,59361640.66,27629791.31,10,Construction,66,15354620.36,46593997.75,51999638.76,4694718.1,458,715229.57,False,True,True,False,9215698.15,http://www.bava-rana.com/,https://oommen.biz/,5,118,459
Baljiwan Chadha,6fc270bd-f429-449b-85ee-67c7dd6f58ed,125,1657598.15,Digital_Marketing,"H.No. 35, Devan Ganj, Sambalpur-825939",IKHL9J1LPM,264240,Datta-Nori,"50, Mohanty Nagar, Bhavnagar-972964",52ebc0df-7dbb-46b4-9edd-f28ea4997ca8,WUM8T4JIUZ,05FMULXUMC,4094400.65,91401265.45,5226433.91,7,Digital Marketing,61,73969803.14,88472156.33,55549128.16,4241973.68,579,5224994.67,True,True,False,True,5814299.2,,,3,7391,378
Anirudh Savant,2d6c09db-cb06-4cc8-bdfe-468463d7d19a,16,437887.64,Content_Creator,"42/91
Nayar Zila
Morbi 436636",AAFQZP1S7V,138105,Saini PLC,"02/336
Shankar
South Dumdum-802733",5f8d6666-7440-40be-86f8-704545f68093,26GM1CQEGB,Y1SC93DZ7I,35290406.83,46923249.37,23257999.42,5,Media & Entertainment,26,49180738.43,48720700.57,1759660.4,78233745.24,795,5538082.81,False,True,True,False,969515.72,http://munshi.com/,https://saha-choudhury.info/,1,304,296
Vasana Ramesh,73ef4bce-ae61-4378-93e0-100eb3fe193f,83,1201027.04,Boutique Owner,"79/235
Iyer Marg
Guntakal-605128",NT9GDKNCVG,584862,Som and Sons,"218, Batta Nagar, Panipat-742324",ef94fea5-2f74-40cd-b362-a683332a61b2,183T5HYAUP,2OWH7MLYA7,14615907.55,84265931.87,12764209.3,8,Fashion Industry,89,30108302.59,35437110.82,47169384.46,77683941.56,665,6126746.17,True,False,False,True,3441495.8,http://www.seth.com/,http://www.palan.com/,1,518,251
Atharv Bal,dc819568-e3f9-41fc-a1e5-69464160efea,120,728337.93,Content_Creator,"00
Basak Zila
Vijayanagaram 729790",7MJDY3GA5J,586113,"Karnik, Barad and Banerjee","70
Zachariah Road, Srinagar-132187",14787966-a1c6-4a58-a22d-bc5c8194e506,N11K3H85YR,5F43X7JZS6,13307957.26,11072627.86,4667616.94,4,Media & Entertainment,26,3499789.29,51656714.39,8873777.03,99745114.25,392,8376188.76,True,False,True,False,6963302.93,http://www.salvi.com/,http://prakash.info/,3,4487,493
Eiravati Jain,bbd40034-1d63-411e-b985-8482332cf15e,60,1625085.95,Food_Chain_Owner,"951
Dua Chowk
Alappuzha-665035",ZXS5X7KU3P,731597,Varughese-Rai,"247
Kota, Loni-981979",7af83cd6-1683-4582-b0d3-8dc94992927f,OTMEGGXWOY,FG8DAHTV7N,22071573.7,9871545.59,45267721.27,2,Hospitality,21,29067960.43,56264730.88,,,330,9033197.53,True,False,True,False,5770324.04,https://jain-tiwari.com/,http://www.sharma-kanda.com/,5,7912,159
Jack Naidu,259e06d6-1d64-4a06-900b-061cd584f70c,54,254703.26,Digital_Marketing,"H.No. 143, Krishnamurthy Marg
Medininagar 146466",6IARWZTF9W,871155,Pant-Dasgupta,"428
Nair Marg
Thiruvananthapuram-214287",9c33173f-1e13-4619-8244-dc4cb6927cbf,RUR37A9T6R,2LMBVTFZYP,13860629.29,81082466.64,36974342.95,7,Digital Marketing,49,34334301.29,16454548.89,28744145.92,31576228.55,775,2370398.38,False,True,True,True,8505099.37,https://ramachandran.biz/,,4,8462,301
Girindra Arora,13a26524-98f7-4fe8-b3a5-b5ba57844367,51,1333752.1,Caterering_Service_Owner,"H.No. 47, Parikh Circle, North Dumdum-135382",YB60O4CO04,136158,Bera PLC,"H.No. 628, Oza Ganj, Bihar Sharif 362695",5a745ca0-fadf-418c-a114-fd9b54528ed3,S9N9XLXQQI,1YGWQ2BHEE,33169410.48,71675359.63,2039654.97,4,Hospitality,85,38386935.36,57860574.45,30614164.95,38061904.93,573,3644282.31,True,True,False,False,8405028.69,,,1,4859,180
Zansi Sen,be11e67f-51fc-4cbe-9e34-f1c99ebf6e7f,58,802598.84,Food_Chain_Owner,"H.No. 968, Lanka Zila, Tadepalligudem-714254",NHH9RW0QCJ,317319,Banerjee-Subramanian,"37/88, Samra Circle
Tiruvottiyur 240796",1e8fe0e7-9e96-48cc-89ed-5b162033f6d7,SC3NZBU1WK,PBVRGD49JR,43304858.4,35933557.61,13303022.09,7,Hospitality,38,4233684.68,40263473.92,60420773.02,78374416.6,397,9125954.14,False,True,False,True,5768169.38,,http://saxena.com/,3,5483,406
Girish Atwal,a2cc95f2-8bc3-4b3f-aae9-1c880b358179,76,856141.58,Digital_Marketer,"88/00, Vig Road, New Delhi-599612",PQ6LYWIPFU,230632,Kala Inc,"36/614, Bhatt Chowk, Ozhukarai-250092",2090ce5f-52db-428e-aa1c-14290092f251,208X0NO2WI,M08AUVPNDW,33907763.56,16016571.47,33639837.1,6,Digital Market,82,13280615.73,74164454.09,89887730.49,39296928.31,738,4617290.6,False,False,False,False,9398607.83,http://varma.com/,https://cheema.info/,2,531,366
Thomas Lad,a9e04805-b559-4828-a2b4-261af0563dec,66,490320.31,Content_Creator,"H.No. 579
Deep
Bangalore-871690",BCZY9EM2DR,344689,"Barad, Setty and Jaggi","H.No. 656
Mahal
Shahjahanpur 552455",5d91675d-2027-420a-8332-a3292f98bf33,T032N8B0KJ,ABR4HSEPBR,18447579.84,32799932.52,7838926.92,2,Media & Entertainment,14,31324389.67,50677410.22,,,744,2516986.92,True,True,True,True,3697192.39,,http://dalal.net/,3,6212,493
Om Devi,9f95f197-6f4f-46fe-a7a3-c4e5b9de5bf2,40,286532.33,Carpenter,"H.No. 541
Varughese Marg, Sirsa-947316",EV7D2MW06C,110385,"Date, Mann and Hari","861, Bassi Marg, Patna 552862",dd6c94b6-01a1-4798-8a72-59d7ee9d086c,CEIM87LVP0,K7LWON6T6W,47267986.67,76725115.66,21708737.16,6,Construction,60,52582020.79,60424766.23,37696453.32,50416213.21,699,1460342.29,True,True,False,True,6641002.8,https://www.bansal.com/,http://www.raj-venkataraman.net/,3,8806,54
Oliver De,d8c28cf4-dd25-42fb-be6c-51022b160e5e,116,1694662.82,Caterering_Service_Owner,"H.No. 628
Menon Circle, Machilipatnam-379955",FFC3IJ7OEO,221235,Dixit Ltd,"69, Gandhi Path, Thiruvananthapuram 488031",fb297cfe-99c3-43e2-923b-158139bb498a,79G8I35AHQ,HC2PNSNDT6,44284111.87,38722219.83,13885549.56,4,Hospitality,35,39523976.89,7044752.57,25838606.02,95416601.29,524,5125016.66,True,True,False,True,5356384.16,,http://www.chhabra.com/,5,8715,480
Niharika Wali,48cd07db-db27-438e-aa38-9e5dedaaa761,52,325227.8,Food_Chain_Owner,"67/16
Krishnan Street
Salem-526462",4ICWNQ0JSV,076573,Srinivasan LLC,"98
Bansal Road
Durgapur 341847",f3b44c99-b86e-4f3d-828c-b85532d079b8,0SXIPEIVPO,GCDCDXG7DG,49604478.42,8765359.27,34183534.45,1,Hospitality,3,85386864.81,,,,375,1334311.18,True,False,False,False,3590605.85,http://www.sibal-kota.com/,https://bhasin-pandit.net/,2,3930,488
Yagnesh Bhatti,facbd3dc-2266-4aae-b506-747c6cf4da14,35,1772776.16,Caterering_Service_Owner,"98
Grewal Nagar
Karawal Nagar 438230",U762VR4P26,825848,"Gupta, Comar and Nadig","71/45
Tella Street
Bhavnagar-503844",93aef743-86ec-45ad-9a61-444a8cc590d1,5DEGPS3JM3,3X1N8QIC9V,19374388.73,27410086.34,41774866.66,9,Hospitality,77,27539212.99,78001207.75,26903376.07,98914990.48,783,3788258.4,False,False,True,False,3419500.47,http://dhaliwal.com/,,2,5178,220
Harrison Majumdar,431dd277-fe32-4d81-8f31-654daf477c6e,120,272182.21,Carpenter,"45
Kala Street, Bareilly-990384",HC4EB0P6NP,626294,Muni Group,"H.No. 642, Singhal
Jehanabad-585243",edda9c71-5ea3-4dfc-892e-5a22173da2dd,MN8ZLK8E11,EJU1AVFOS5,8673056.71,2466777.01,20905129.96,10,Construction,58,13942907.27,41512354.25,65464652.31,38310059.31,610,5280009.07,True,True,False,False,7306430.45,,https://www.nagar.com/,1,926,98
Wriddhish Verma,3a532f69-6b73-421c-b53a-3c85ffa466fc,77,1000530.72,Massage_Therapists,"H.No. 25
Kashyap Chowk, Bahraich-675972",MSQDSKN5OH,252799,Pingle and Sons,"39/25, Dewan Marg, Ratlam-852965",813a87a2-4c9c-4524-9c71-0455783ca21f,CVHRD0OQAM,97T80NKIL5,18198205.23,55659745.23,18832923.79,6,Hospitality,32,46595436.52,87026917.62,72758676.07,97126739.2,852,2910400.84,True,False,False,True,6306731.29,,,1,3590,449
Nikita Rajan,29fc9181-0b44-4602-858d-5ab5355bfcf2,118,1278492.06,Electricians,"880, Comar Marg
Berhampore-390791",WWYP8HTFB9,346809,Chaudhuri Inc,"28/375
Kannan Circle
Nashik-925870",5adfd2e9-6fee-49aa-84f1-4c735a50c20f,0PT6VXQYQF,7FS5DKG3Z5,7950864.18,84838340.73,22914695.8,3,Construction,78,70767431.85,31242779.86,40766948.36,,717,1634198.5,False,False,True,False,5463972.96,https://wali.com/,https://www.prasad.info/,1,4230,307
Tanmayi Joshi,6d86e3b7-10d5-4aa5-a85a-477475a4844d,73,1589568.35,Carpenter,"H.No. 267
Mandal Nagar, Bathinda 544903",7T1064V751,724140,Dayal-Pingle,"14/96
Grewal Nagar
Dehradun 844550",72d82b2f-30d6-46e8-85b8-d67b44c7e3e1,FXTWUU63WX,9OEES08IYI,28285322.43,31520712.19,20368495.34,7,Construction,52,66186678.43,27002524.3,39305249.5,33000251.63,881,7552880.03,True,True,True,False,246794.35,https://www.dyal-singhal.info/,,4,2069,366
Nitara Dara,882d18d4-4d98-4c74-94c7-2eee85d28f09,70,224076.99,Digital_Marketing,"H.No. 615
Jain Chowk, Ahmedabad 878613",58K63VX14E,356193,Thaman-Ramesh,"89/49, Mukherjee Ganj
Ratlam-978611",9eda76a1-5404-4e9f-a289-927d37d0f44d,N2HXSWO24G,VO1L6U15XL,47299982.82,75686701.6,28394235.72,8,Digital Marketing,57,41799243.49,29118433.38,62994270.63,63151024.62,740,7814544.87,True,False,True,True,6186795.63,,https://iyengar-halder.com/,2,9946,381
Mitali Shetty,820a2cd8-57b6-4504-9760-f82e268a812d,31,1923097.36,Digital_Marketing,"519, Bansal Path
Bardhaman 482000",AVLTHDMUR0,979426,"Dewan, Dhillon and Raval","H.No. 39
Mukherjee Road
Kulti-424246",1d304ba0-19f7-4b61-b05f-92dba7e43f46,QILI8J2HQ5,JERUI9NWPY,23767188.45,9705801.3,28260823.72,9,Digital Marketing,65,67412509.36,76108835.91,54232786.75,41979149.3,358,7442749.26,True,False,False,False,9850437.21,http://narayanan.com/,https://www.parekh-nadig.com/,5,3040,391
Joshua Sarin,d6cd1385-0cca-42d9-91e8-3e822ef25dc8,68,993589.98,Food_Chain_Owner,"72
Nadkarni Path, Panvel 759210",T090VFK4L0,320666,"Chad, Nadkarni and Tandon","16/864
Apte Nagar, Bathinda 979782",8a70bb56-55a5-4ce8-9686-d44832e26095,7KDFAOKWEO,G60IRUVMC1,13387933.69,98680061.4,49996015.17,4,Hospitality,69,67438253.27,93232627.82,51335019.65,91550306.95,561,8262097.28,False,True,True,True,7498332.58,http://hayer-sami.com/,https://www.kunda-balay.biz/,1,9191,368
Anusha Minhas,3375e209-ecc2-425a-b843-73fe8d2fa692,39,371574.2,Carpenter,"76/081
Bedi Chowk
Bahraich-681010",4DLZBHR5Y5,047468,Khalsa-Lanka,"H.No. 309, Golla Zila, Aligarh 472107",b546c3fb-e0f9-44f8-9791-a96339db22b8,CQ9W2MF1AI,5LIFDHODLV,40134747.69,54284066.04,33644769.6,9,Construction,57,98265393.47,89284488.09,66601038.34,40010108.07,488,662075.28,True,True,True,True,4735116.6,https://dani.com/,http://chakrabarti.com/,1,6217,484
Qarin Bhargava,5b428535-c55b-498f-8f10-a46fb34713c9,88,1569658.16,Food_Chain_Owner,"H.No. 68, Swamy Ganj, Gorakhpur-317555",RM2U2JT40Z,050902,Amble Inc,"96/788
Sura Marg, Ghaziabad 652121",de044eb8-e905-4e02-94bc-ae6e2a44b6eb,Y92HBH3617,ZDNEHF5IW9,16386080.87,85611699.37,43976647.2,1,Hospitality,12,64280564.64,,,,320,8772251.97,False,True,True,False,5414373.49,http://naidu-khosla.org/,https://pai.com/,4,811,352
Oni Borah,c974fd0c-ecbb-4f6c-9267-ad041c551062,74,1560702.62,Content_Creator,"H.No. 726, Hari, Cuttack 563107",0HSPY7KIV7,207325,Gulati-Dugar,"06/905, Sundaram Nagar, Gopalpur 814817",cd17f62f-18e1-4188-950c-83483665c830,RT5MKPLPRS,6DMT758O2P,1998006.96,77776237.21,13600548.41,10,Media & Entertainment,96,45367028.64,95114921.13,10381274.54,90613198.28,571,6908968.5,True,False,True,False,5035194.76,,https://www.edwin.com/,4,4929,181
Nitesh Buch,fc35724c-90b4-4ee3-9827-49101074df23,114,1854509.61,Content_Creator,"36
Toor Circle, Sirsa-763330",N769IQ5Y25,985412,"Narasimhan, Mani and Sanghvi","49
Mutti Marg
Ulhasnagar-865887",035fb120-47cb-46e8-b6cc-49d728df0a57,8AI2V1EDH9,KN3ORQZCHO,37519599.14,76306461.8,8086774.47,9,Media & Entertainment,6,59335040.61,95340210.73,70159305.94,36687606.73,759,8624951.28,True,False,True,True,3689349.5,,http://zacharia.net/,3,7164,207
Ranbir Choudhury,9e07287a-c965-4d5d-bad5-9c6b072ddaab,81,1248139.62,Massage_Therapists,"85/38, Solanki Circle, Loni 881837",Q109YK9OBO,679234,Goyal LLC,"70/054, Bajaj Zila
Udupi-711270",8990f7fc-0f9d-4c41-bf72-3ad4ae5696c1,JCL8SJSWLC,KK3Z90S33Q,17126173.65,84757876.74,34493273.3,4,Hospitality,43,4781889.76,69858658.97,57210920.22,26715772.89,786,4369439.73,True,False,False,False,1124398.48,,https://www.oommen-bhavsar.net/,4,5805,334
Advika Chaudhry,78ed2011-582d-49df-8f54-033ea61c77b4,123,1408048.3,Accountant,"629, Varghese Path
Madurai 326584",GB7S91R402,283154,"Mohanty, Bhalla and Pingle","10
Sachar Zila
Silchar 251832",42ae68a6-cdc6-4f0a-93cb-2d74231ff68e,5VGUBVS8VT,H5F6UBKR67,8349306.13,46145816.52,25571731.24,2,Finance,43,47191280.75,30291041.65,,,378,2361528.72,True,False,False,True,6971647.12,https://www.koshy-lall.info/,https://dube-shetty.com/,2,7918,295
Farhan Dua,2280459b-4a1d-4a16-ba39-64a172bc704e,56,1981949.7,Boutique Owner,"H.No. 816
Sani Path, Kolkata 706771",84L8UNBUKQ,133485,Andra-Sarkar,"98/104, Venkataraman Path
Karawal Nagar 378495",558ff866-bb54-4fc7-9289-c94319a6df84,KKA30GN13F,YKDZOP5RS4,43353353.58,91550724.87,13373350.67,3,Fashion Industry,76,34411191.44,34375659.17,39199465.37,,810,4003853.81,False,True,True,True,563984.48,,https://chauhan.biz/,1,7369,283
Barkha Issac,054005ab-24f2-4de8-9695-e9a1c7f315c4,25,633919.07,Food_Chain_Owner,"444, Basu Circle, Phusro-818272",2E3GKI8XDW,629148,Gara and Sons,"08, Buch Path, Baranagar 535463",b21fc281-fb06-49f2-9849-caa76832dcf6,BO7Z2TRKPB,AZ6AJ65LXW,27466143.94,5470304.6,4412093.11,6,Hospitality,64,29665168.09,99047483.61,56152170.49,73812969.01,897,7238066.16,False,False,False,True,6986339.03,http://brahmbhatt-varughese.com/,https://www.dada.com/,1,51,424
Chatura Rajagopalan,ae1a1c57-7c1c-4f21-b932-fc8eb30689b0,93,830353.77,Digital_Marketing,"96
Basu Street
Satara 140234",JJHJZBJAD6,461090,Patla-Saha,"H.No. 852, Bal Ganj, Jaunpur 549607",9b93e824-2892-4776-8ba0-ea43e40f8d59,GIB22Z7B9O,7PMIVAXNJK,33312529.21,53472273.01,35391808.01,1,Digital Marketing,60,50205587.42,,,,422,1387010.46,True,True,False,False,9652091.7,,,4,4965,260
Ekaraj Hegde,0d75810f-4131-4de7-9017-8c5f4c7782b3,63,394762.79,Boutique Owner,"212, Kata Chowk
Serampore 404083",3UZEPPJ8RA,513092,Chadha Inc,"59
Loke Ganj
Sri Ganganagar 654164",71692bcc-d2c3-4ab3-bb41-24b7d91e52ec,LWICYK23WZ,X5RQP8NNQL,47739135.21,41508481.63,22697370.69,10,Fashion Industry,52,33177507.87,18705004.82,29348108.87,88373379.09,771,283432.14,True,False,False,True,6003006.51,http://chaudhari-kothari.biz/,https://www.rastogi.org/,4,8642,449
Atharv Dugal,22d84993-bef4-4ccd-b115-81edef231c20,10,103334.68,Electricians,"85/212, Datta Marg
Rourkela 656152",PNJ63I266E,019220,"Pradhan, Sama and Panchal","H.No. 71
Balakrishnan Path, Bareilly 207266",c8e71946-9052-49cb-a3bc-741676a8f8db,5CJ1I68GAT,MYEV5SC0NQ,25559273.13,68303514.37,38970020.56,8,Construction,88,59998657.33,1901912.81,88547445.52,88982618.38,384,7206456.85,False,True,False,True,8702506.49,https://babu.com/,http://anand.com/,5,2275,111
Leela Ram,a3eb8f95-2f3d-497a-af98-23e63662a1e4,54,727253.49,Digital_Marketer,"26/563, Varma Zila, Amravati 046426",TPN8OIGGEN,413767,Chowdhury-Bail,"330, Dhar Circle
Nizamabad 432376",0118b3eb-3ae3-4d0c-a5c3-85d501dff750,D2KKLGUAS7,XBL4EGBM17,28939894.5,38467664.82,44320227.68,8,Digital Market,32,52673612.39,76959469.38,17570851.09,90062053.64,506,280288.43,True,False,True,True,9522992.84,http://ahluwalia-kale.com/,,4,9752,170
Azaan Dua,dfa7ee44-df85-4983-a7a5-2076025eb0a9,72,339876.36,Food_Chain_Owner,"42/725
Om Marg
Bhimavaram 068666",KTB3W8LH5Q,224747,"Gill, Muni and Shankar","H.No. 50
Taneja Circle
Hospet-225268",2cbbd2f8-cafa-4e63-a847-b3f0473645fd,GL01NSQJSQ,XHII7BGZ8H,29863612.09,64499651.27,12436073.17,1,Hospitality,35,88776560.66,,,,522,7205497.79,False,False,False,True,4712705.22,http://www.dugar.info/,https://bedi.biz/,5,1254,380
Rudra Barad,24844146-f5e7-4bf3-91a9-c59d844114ff,110,982159.0,Digital_Marketing,"723
Uppal Marg, Tiruvottiyur-288802",2LVO2SH180,901793,"Tank, Kashyap and Oak","H.No. 796
Sengupta Road, Arrah-135966",c95b7712-c3a6-4be1-b33b-c35199461314,B4L0V0KDNJ,K1OF0NCQ0T,23975851.6,53012533.21,43042938.38,2,Digital Marketing,64,84978786.32,66804599.47,,,656,1522620.33,True,True,True,False,4579045.26,https://lala.com/,http://sahni.com/,1,3916,354
Fiyaz Lall,66098547-714c-4e64-8895-40f8b3be8f36,122,963292.62,Massage_Therapists,"05
Pandey Circle
Srinagar 334579",OP1RQG0CLW,459601,"Murty, Sarna and Ranganathan","538, Badami Chowk
Ulhasnagar-646652",5aa457b7-2715-411b-bfb7-974d63bbabfd,HJZM84Q1RY,TTR45W0VBL,48715755.61,87984046.64,2660866.51,4,Hospitality,83,57262426.7,74474296.1,97678077.33,28241774.88,456,9836721.88,False,True,False,True,3043472.62,https://misra.com/,http://www.raju.com/,5,6687,325
Brijesh Ganesan,d89dd4e5-8ede-4f80-bfde-e7888eb012f5,40,1438538.22,Content_Creator,"H.No. 69, Lanka Zila
Alappuzha-636970",DAYPVL2QVX,500095,Khare-Choudhury,"161
Bhat Zila
Sangli-Miraj & Kupwad-558720",2b20fe79-9d87-47c2-99e9-63d2eca1347c,F1IQ9PZMBI,RX6KQAVG6H,24208569.94,58019885.54,12739758.72,6,Media & Entertainment,95,46806248.72,20617707.95,21106314.34,60619922.51,679,6988440.73,True,False,False,True,4864791.54,http://walia-sampath.org/,http://www.kapadia.net/,2,2261,33
Simon Vala,f4c98ddd-c1a3-4c85-8b3f-2f4161bb607b,118,1602542.96,Massage_Therapists,"H.No. 575
Ramakrishnan Marg, Pallavaram 146222",AJ4A99HT3H,858711,"Choudhury, Mallick and Kapoor","81/89
Nagar Circle, Gopalpur-916627",de95b5b1-dd6f-4d0f-a9ff-d35333ed01bd,1J1ZFIW70Y,YN4FZ8U7K0,37989942.67,34809770.1,4267004.25,9,Hospitality,96,92137712.36,91333608.07,38726239.82,24853239.92,590,9415837.65,False,False,False,True,7839581.16,http://www.singhal.com/,http://narula.biz/,3,9829,430
Samesh Natarajan,524dea58-f9d2-43e3-a15a-abf0b4751b18,90,1731472.83,Content_Creator,"30/45
Ravel, Vijayanagaram 237879",II4GAAHK3D,888861,Mitra and Sons,"310, Thakkar Street, Tadepalligudem 802229",25d21ede-85f4-45a7-9cd1-82db4d08a3e2,VE36CY2D8W,S4BR5EWVHY,12874459.84,92928173.23,40612787.35,2,Media & Entertainment,36,96317792.65,27559133.36,,,484,5293633.43,True,True,False,True,3502463.94,http://www.tella-sankaran.com/,http://dutta.com/,3,4033,232
Gayathri Chacko,13c0ef04-ae23-4b36-887a-f071a67b700a,46,1584391.15,Massage_Therapists,"H.No. 21, Lala Nagar
Srinagar 995115",U0VLE6NYHJ,731567,Kade-Mutti,"219
Misra Nagar
Hyderabad-092051",6bd4a389-5867-4556-93b2-4bcca75b1ae0,KWXV80UXUY,WI54ZEUZ1O,45401589.78,29165924.29,20526626.62,3,Hospitality,20,36188388.07,51241989.89,62757120.36,,547,2456022.4,True,False,False,False,993402.73,http://www.prabhu-hayer.com/,https://pillai-iyengar.com/,5,5819,468
Yash Dara,5e7c0dc6-418a-4013-8009-d03a63ee1675,58,1936963.02,Massage_Therapists,"H.No. 970
Rege
Sikar 856031",HYH2DDHQWK,882495,Bava PLC,"29/71, Singh Circle, Ulhasnagar-877451",d297e157-d40d-48c9-b007-55a059ec2c89,RCE94X6XEN,Q4LWZRR0YW,32134356.43,69878788.51,1875860.91,7,Hospitality,47,13042477.18,29862534.03,98213412.65,98008910.32,375,6491311.51,False,False,True,False,7409739.97,,http://www.soni-sodhi.biz/,4,2109,425
Adweta Brar,9532fc16-4975-4d2a-94a4-988847c7adb8,21,667158.7,Boutique Owner,"H.No. 30
Kashyap Nagar, Akola 232057",6G9K3DW30A,501559,Dani-Halder,"78/072
Ramachandran Circle, Jammu 896031",6b906bf2-d083-4833-b393-eb76221e2dee,Z0SX5EPIGK,E1W6XRSI8V,25119141.71,63413103.24,33595700.35,8,Fashion Industry,79,82682055.65,15542946.45,41586836.35,76402571.04,497,2808961.94,True,True,True,True,5864737.28,,,3,9573,127
Varsha Chanda,aa793091-2c9d-410b-a23f-07337b213f6a,37,932059.12,Accountant,"65/23, Talwar Path, Hazaribagh-669585",F9A1ULI2SN,531088,"Sarma, Ahluwalia and Pillai","H.No. 508
Loke Street
Kulti 606011",d10e1c6c-3994-43f3-a6a2-2da912ffb1e3,RU996TEINC,XC79ENM1TT,22631863.5,76787002.4,43327275.69,10,Finance,94,5444733.63,55525386.64,34911056.06,77359140.13,474,8482082.03,False,True,True,True,5449428.83,https://www.narasimhan-chandra.biz/,http://www.kala.com/,2,1788,257
Gautam Ramanathan,53d76a8b-44dd-4867-bfe3-95200663ba30,79,902844.41,Caterering_Service_Owner,"H.No. 627
Gokhale Chowk
Sambhal 109266",K3P6LT5X7T,435503,Devan and Sons,"697, Borde Circle
Dharmavaram 115311",4a95b212-0cb1-4aa4-a103-ef6d2b59d26f,40GVBVT024,RVP5CWQSA7,3935829.91,1912459.3,36531069.59,3,Hospitality,99,76616146.19,24349731.52,58902611.26,,514,8472371.31,True,True,False,False,6164130.15,http://www.bumb-shere.com/,https://naik.com/,4,3734,199
Amol Konda,aee110af-78eb-4d67-ab84-bd23a820e403,18,1847375.19,Carpenter,"H.No. 722
Kurian Ganj
Machilipatnam 946767",53BDGIFJEO,401918,"Misra, Dara and Srinivasan","H.No. 79, Sankaran, Bhopal 379291",4dda718b-e80a-4390-957d-5edbd1965559,77O2S1UFJK,JI4ODUTG0O,40494865.95,45968776.24,40541105.17,3,Construction,11,91038255.77,10337183.62,11920310.74,,704,7260847.78,True,False,True,False,5582692.01,http://mitra.org/,http://www.murty-gokhale.com/,5,6208,128
Jai Saraf,1480c43a-4ddc-48b6-9d74-469e9c1bd0df,42,180125.69,Massage_Therapists,"28, Sankaran Path, Sambalpur-559285",OLSM4HESF1,334460,Kibe-Karnik,"H.No. 335, Dalal Circle
Guna 807252",ca72e85c-9552-42da-b064-5f700e77583e,G3KCZ1ZA9O,9T3NCWV1G0,9360343.25,92682657.7,20794994.18,7,Hospitality,23,33590010.41,55157691.57,53885013.42,47899799.24,741,4505872.63,False,False,False,True,5124162.07,,https://singh.com/,4,7075,183
Janaki Chadha,d791da23-5786-4432-8972-fef86593b43d,82,386927.55,Digital_Marketing,"57, Sachdev Zila
Machilipatnam 283043",49E691U4OG,336624,Memon-Raghavan,"00/91, Dara Circle, Mirzapur 613377",6b1ce3a2-022c-4ed1-ae4e-aa56b8f6b54a,28DUDFVC1G,SUOT36CPRR,11577868.79,31589913.24,15921780.48,2,Digital Marketing,13,27517990.79,51244005.38,,,627,8287629.55,False,True,False,False,3273973.55,http://www.pal.com/,https://www.reddy.biz/,3,5918,465
Warda Pradhan,a76a9f05-a712-4d10-9532-362a8e7866f4,102,1480920.65,Boutique Owner,"10/901, Chopra Road
Bharatpur 457817",2I63Z1I1DZ,059300,Ramesh-Mistry,"11, Divan Chowk, Thiruvananthapuram 843493",a99f6018-886a-4dc8-960f-73b35c173087,JCDL4BMLAC,BI99Q21Z9O,2441372.61,77508800.47,37995698.03,9,Fashion Industry,96,61893963.27,36826016.48,84846602.59,89479182.8,686,8793117.47,False,True,False,True,5761911.43,http://www.brar.com/,https://www.sharaf-rau.info/,4,4604,270
Jeet Bhagat,543ccf1e-a6f0-4919-b4ac-ea764142368c,116,577530.8,Food_Chain_Owner,"H.No. 40, Thakur Ganj
Ahmednagar 345921",PTXAQ64VYO,013468,Butala LLC,"H.No. 38, Kothari, Suryapet 040746",0833f4a1-bf79-4caf-af56-aea90487bbd8,13MUD8D16M,TG4Y71T115,24529332.57,86587492.32,20869633.59,2,Hospitality,47,90418439.34,86292100.01,,,392,5398139.47,True,True,True,True,9214807.44,https://www.devan.com/,,4,8326,417
